t,λ1,δ1,λ2,δ2
0.0,24.4033912603625,25.5,34.50296774003384,35.0
1.0,24.40303902224514,25.5,34.49548469684441,35.0
2.0,24.40127663764373,25.5,34.49831154980416,35.0
3.0,24.400618774335033,25.5,34.496803939992326,35.0
4.0,24.400076761127636,25.5,34.496795498595816,35.0
5.0,24.400728916770934,25.5,34.49849354762794,35.0
6.0,24.400890252582528,25.5,34.4984981808692,35.0
7.0,24.399770754287385,25.5,34.498810846912136,35.0
8.0,24.38336189352785,25.5,34.49879877986781,35.0
9.0,24.383704382901783,25.5,34.49897787866462,35.0
10.0,24.382863836429078,25.5,34.49845211826359,35.0
11.0,24.382853373243186,25.5,34.498319003198546,35.0
12.0,24.383061636810258,25.5,34.498476611797685,35.0
13.0,24.383126485479966,25.5,34.49845158179118,35.0
14.0,24.382763975402273,25.5,34.49817449936942,35.0
15.0,24.382732925263486,25.5,34.49825471717701,35.0
16.0,24.37959252184807,25.5,34.496095767943956,35.0
17.0,24.379229165816696,25.5,34.495959792130954,35.0
18.0,24.379232558965782,25.5,34.49646084299117,35.0
19.0,24.379440399204785,25.5,34.496462958949515,35.0
20.0,24.382533187958202,25.5,34.50812765791691,35.0
21.0,24.382241284301944,25.5,34.51591511606558,35.0
22.0,24.388783916245828,25.5,34.51600108559587,35.0
23.0,24.379258455858288,25.5,34.51598743667768,35.0
24.0,24.379280774823894,25.5,34.515982620820836,35.0
25.0,24.34784038729269,25.5,34.5159105536805,35.0
26.0,24.347979852434282,25.5,34.51589316624045,35.0
27.0,24.333142496832615,25.5,34.515713322757044,35.0
28.0,24.333047460039015,25.5,34.51577996156403,35.0
29.0,24.31533877429787,25.5,34.51582401214687,35.0
30.0,24.31745921635996,25.5,34.515818560179504,35.0
31.0,24.31748433922737,25.5,34.51583566460705,35.0
32.0,24.317434448315964,25.5,34.51602303380385,35.0
33.0,24.317503131403956,25.5,34.514415627468196,35.0
34.0,24.32576796897582,25.5,34.51448113655803,35.0
35.0,24.326145232845576,25.5,34.51446334298821,35.0
36.0,24.32540198362949,25.5,34.51736063556512,35.0
37.0,24.324895458632056,25.5,34.51731230002345,35.0
38.0,24.326148570792625,25.5,34.517296223069486,35.0
39.0,24.324936341629808,25.5,34.51760803281811,35.0
40.0,24.323863694952973,25.5,34.51763219041213,35.0
41.0,24.323116048959427,25.5,34.51753381696026,35.0
42.0,24.321960216757063,25.5,34.516253462732365,35.0
43.0,24.323577302295053,25.5,34.516163181651436,35.0
44.0,24.32364308496666,25.5,34.51615047572783,35.0
45.0,24.316946209410105,25.5,34.51615085188879,35.0
46.0,24.31696338866071,25.5,34.5161142987414,35.0
47.0,24.316989097455316,25.5,34.51673284648071,35.0
48.0,24.31695732146107,25.5,34.51818872948047,35.0
49.0,24.31657927976439,25.5,34.51817494880549,35.0
50.0,24.317070433413697,25.5,34.518446062877715,35.0
51.0,24.318915018124493,25.5,34.50724572286483,35.0
52.0,24.31896245810845,25.5,34.50789194097547,35.0
53.0,24.319909432311327,25.5,34.50785808420084,35.0
54.0,24.31989008588597,25.5,34.507880431063676,35.0
55.0,24.318658535875684,25.5,34.50786134939975,35.0
56.0,24.318014659065017,25.5,34.50763373606582,35.0
57.0,24.318698913812774,25.5,34.507580867319945,35.0
58.0,24.318492941509014,25.5,34.506008054459436,35.0
59.0,24.318579469344925,25.5,34.505618698292594,35.0
60.0,24.317548427253442,25.5,34.50561420051269,35.0
61.0,24.31750212766915,25.5,34.50579053966995,35.0
62.0,24.33213761883703,25.5,34.50571977171281,35.0
63.0,24.33433651381809,25.5,34.505694162094095,35.0
64.0,24.33796832938695,25.5,34.505697111452164,35.0
65.0,24.34819173235967,25.5,34.505431343922446,35.0
66.0,24.34684564947527,25.5,34.5054294394716,35.0
67.0,24.347078591896935,25.5,34.5137275374007,35.0
68.0,24.3471864187093,25.5,34.513994245067316,35.0
69.0,24.34953608585697,25.5,34.513999186501266,35.0
70.0,24.350104608350275,25.5,34.51392824085394,35.0
71.0,24.31848042813143,25.5,34.514070767544666,35.0
72.0,24.319812220211052,25.5,34.514883193046224,35.0
73.0,24.322765057581897,25.5,34.51510187533525,35.0
74.0,24.32525775374015,25.5,34.51560008186262,35.0
75.0,24.326308965429874,25.5,34.514560648979675,35.0
76.0,24.326458501034512,25.5,34.511750767934814,35.0
77.0,24.3272116990113,25.5,34.5120013692903,35.0
78.0,24.322390825848267,25.5,34.51243125934407,35.0
79.0,24.323679738554613,25.5,34.51239242432875,35.0
80.0,24.32094782502054,25.5,34.51242205787418,35.0
81.0,24.32065167133329,25.5,34.512478206773686,35.0
82.0,24.321493778946476,25.5,34.52759890993064,35.0
83.0,24.32189435096879,25.5,34.52802791575924,35.0
84.0,24.321905404772103,25.5,34.52795791315167,35.0
85.0,24.3219872011631,25.5,34.52798819573996,35.0
86.0,24.322061234218253,25.5,34.52783530555466,35.0
87.0,24.33994517542719,25.5,34.52806475917248,35.0
88.0,24.32999055344302,25.5,34.54073901279358,35.0
89.0,24.330021295145794,25.5,34.54073229270432,35.0
90.0,24.32792240777355,25.5,34.54517529165178,35.0
91.0,24.327201523849354,25.5,34.5449634097717,35.0
92.0,24.327734724345227,25.5,34.54499529937569,35.0
93.0,24.32757860592708,25.5,34.54533561183451,35.0
94.0,24.327219493561927,25.5,34.54550480821665,35.0
95.0,24.327124459826223,25.5,34.54549838112955,35.0
96.0,24.318094039592552,25.5,34.54548244370796,35.0
97.0,24.318034891166587,25.5,34.545459671309835,35.0
98.0,24.317901439818264,25.5,34.54552869505362,35.0
99.0,24.317883880665747,25.5,34.545631077856456,35.0
100.0,24.325464136635677,25.5,34.5456164415247,35.0
101.0,24.327570606500746,25.5,34.54561293374186,35.0
102.0,24.327259541495298,25.5,34.54569332696239,35.0
103.0,24.327253979289328,25.5,34.54573236432815,35.0
104.0,24.32719474631954,25.5,34.54492071618232,35.0
105.0,24.32613320827067,25.5,34.54489544314488,35.0
106.0,24.328505205121747,25.5,34.544950940481854,35.0
107.0,24.32833670240895,25.5,34.54626065051321,35.0
108.0,24.329422311097357,25.5,34.54660651068494,35.0
109.0,24.33316688594972,25.5,34.54765169306917,35.0
110.0,24.33311627347072,25.5,34.54765169306917,35.0
111.0,24.33104547647501,25.5,34.54529847748875,35.0
112.0,24.333708077730083,25.5,34.54522368560361,35.0
113.0,24.333844917793723,25.5,34.54549077831166,35.0
114.0,24.335072777416062,25.5,34.5456406803205,35.0
115.0,24.33619163280768,25.5,34.54562731800321,35.0
116.0,24.335442969240514,25.5,34.54559856001315,35.0
117.0,24.335384569065955,25.5,34.545633362720345,35.0
118.0,24.335384569065955,25.5,34.54558467074305,35.0
119.0,24.34753719154161,25.5,34.54586862958158,35.0
120.0,24.34778209434087,25.5,34.545822609232786,35.0
121.0,24.35912380463649,25.5,34.545921514675676,35.0
122.0,24.359470144659575,25.5,34.545838983492665,35.0
123.0,24.358837741012156,25.5,34.545838983492715,35.0
124.0,24.358751235622663,25.5,34.545844087990886,35.0
125.0,24.35869307683642,25.5,34.5456789425977,35.0
126.0,24.358615950373505,25.5,34.55214970476094,35.0
127.0,24.358615950373505,25.5,34.55214970476094,35.0
128.0,24.35869612151595,25.5,34.55202173787603,35.0
129.0,24.35869612151595,25.5,34.552045649859146,35.0
130.0,24.357277250081204,25.5,34.55217766319273,35.0
131.0,24.35737457874812,25.5,34.55220056325423,35.0
132.0,24.35737457874812,25.5,34.557771088729616,35.0
133.0,24.358814252498547,25.5,34.55772687020081,35.0
134.0,24.376585416363827,25.5,34.57551787650731,35.0
135.0,24.376571572451148,25.5,34.575915955557434,35.0
136.0,24.377692110865276,25.5,34.576082206092806,35.0
137.0,24.37779297203095,25.5,34.57603590694822,35.0
138.0,24.37779297203095,25.5,34.576159604388614,35.0
139.0,24.37781487875111,25.5,34.57616499225308,35.0
140.0,24.377694951505443,25.5,34.57620753391673,35.0
141.0,24.402136046411485,25.5,34.57614863264889,35.0
142.0,24.402139040943357,25.5,34.57614467929963,35.0
143.0,24.402139040943357,25.5,34.57615205322379,35.0
144.0,24.402749570315233,25.5,34.576171658388816,35.0
145.0,24.403014179469906,25.5,34.576174520031365,35.0
146.0,24.41317539888367,25.5,34.576785522259605,35.0
147.0,24.41371464973876,25.5,34.57747095447029,35.0
148.0,24.41371464973876,25.5,34.57748159039421,35.0
149.0,24.41371464973876,25.5,34.577478882943915,35.0
150.0,24.41413819281167,25.5,34.57951747921537,35.0
151.0,24.41430897723479,25.5,34.57956138402804,35.0
152.0,24.41460839756248,25.5,34.57957569852755,35.0
153.0,24.42487718964384,25.5,34.579668721953,35.0
154.0,24.427308967004443,25.5,34.57984073440779,35.0
155.0,24.427308967004443,25.5,34.57995553692808,35.0
156.0,24.427308967004443,25.5,34.57995553692808,35.0
157.0,24.42730574628183,25.5,34.579957283161185,35.0
158.0,24.42730574628183,25.5,34.579957283161185,35.0
159.0,24.427275265909238,25.5,34.579997323438896,35.0
160.0,24.427275265909238,25.5,34.580201700854126,35.0
161.0,24.427275265909238,25.5,34.580201700854126,35.0
162.0,24.42730053139394,25.5,34.580201700854126,35.0
163.0,24.42730053139394,25.5,34.58020666774468,35.0
164.0,24.42864794808689,25.5,34.58033928244546,35.0
165.0,24.428886527911022,25.5,34.58046827354672,35.0
166.0,24.429135593994587,25.5,34.580481139210285,35.0
167.0,24.429135593994587,25.5,34.58062619822121,35.0
168.0,24.429135593994587,25.5,34.58062629857837,35.0
169.0,24.429135593994587,25.5,34.58062629857837,35.0
170.0,24.429135593994587,25.5,34.58062629857837,35.0
171.0,24.429135593994587,25.5,34.58062629857837,35.0
172.0,24.429378844338885,25.5,34.58062629857837,35.0
173.0,24.42952553543381,25.5,34.58062629857837,35.0
174.0,24.42952553543381,25.5,34.58062629857837,35.0
175.0,24.42952553543381,25.5,34.58062629857837,35.0
176.0,24.43254351014009,25.5,34.58062629857837,35.0
177.0,24.43254351014009,25.5,34.580697796696555,35.0
178.0,24.43254351014009,25.5,34.580697796696555,35.0
179.0,24.43254351014009,25.5,34.58095631971872,35.0
180.0,24.432669551982823,25.5,34.58095631971872,35.0
181.0,24.432669551982823,25.5,34.58095631971872,35.0
182.0,24.433323331245887,25.5,34.581016347994,35.0
183.0,24.433323331245887,25.5,34.58106012126288,35.0
184.0,24.433323331245887,25.5,34.58106012126288,35.0
185.0,24.433323331245887,25.5,34.58106012126288,35.0
186.0,24.433323331245887,25.5,34.58106012126288,35.0
187.0,24.433982421991065,25.5,34.58109960404029,35.0
188.0,24.433982421991065,25.5,34.581109637383726,35.0
189.0,24.433982421991065,25.5,34.581109637383726,35.0
190.0,24.43445185010972,25.5,34.581109637383726,35.0
191.0,24.43445185010972,25.5,34.581109637383726,35.0
192.0,24.457952978134625,25.5,34.581109637383726,35.0
193.0,24.457952978134625,25.5,34.581109637383726,35.0
194.0,24.457952978134625,25.5,34.581109637383726,35.0
195.0,24.458485132424816,25.5,34.581109637383726,35.0
196.0,24.458485132424816,25.5,34.581109637383726,35.0
197.0,24.458960503435854,25.5,34.581109637383726,35.0
198.0,24.458960503435854,25.5,34.581109637383726,35.0
199.0,24.458960503435854,25.5,34.58115931307791,35.0
200.0,24.458960503435854,25.5,34.58115931307791,35.0
201.0,24.95360629196027,26.5,34.58117474605344,35.0
202.0,24.95360629196027,26.5,34.58157210498269,35.0
203.0,24.953635734099905,26.5,34.58157210498269,35.0
204.0,24.953838465341864,26.5,34.58162296206547,35.0
205.0,24.9610550115607,26.5,34.58169464022846,35.0
206.0,24.9610550115607,26.5,34.58172013930223,35.0
207.0,24.9610550115607,26.5,34.595780465056215,35.0
208.0,24.9610550115607,26.5,34.595780465056215,35.0
209.0,24.9610550115607,26.5,34.595780465056215,35.0
210.0,24.96112031573755,26.5,34.595780465056215,35.0
211.0,24.961316589682657,26.5,34.595780465056215,35.0
212.0,24.961316589682657,26.5,34.595780465056215,35.0
213.0,24.966150428706474,26.5,34.595780465056215,35.0
214.0,24.968773713967504,26.5,34.59579443970432,35.0
215.0,24.969816059754834,26.5,34.59583575593101,35.0
216.0,24.969816059754834,26.5,34.59583643940934,35.0
217.0,24.969816059754834,26.5,34.59583643940934,35.0
218.0,24.97165376493576,26.5,34.59583643940934,35.0
219.0,24.97165376493576,26.5,34.59583643940934,35.0
220.0,24.972239073854556,26.5,34.59585002448267,35.0
221.0,24.972239073854556,26.5,34.59585002448267,35.0
222.0,24.972368288314073,26.5,34.59585002448267,35.0
223.0,24.97300980327942,26.5,34.59585002448267,35.0
224.0,24.973263773465963,26.5,34.59590258788249,35.0
225.0,24.973279845245337,26.5,34.5959777929452,35.0
226.0,24.973279845245337,26.5,34.5959777929452,35.0
227.0,24.97367515837016,26.5,34.59602821577156,35.0
228.0,24.973762345976365,26.5,34.59602821577156,35.0
229.0,24.975004420689793,26.5,34.596039256961475,35.0
230.0,24.975004420689793,26.5,34.596039256961475,35.0
231.0,24.97614429839697,26.5,34.596039256961475,35.0
232.0,24.97614429839697,26.5,34.59604143308297,35.0
233.0,24.97614429839697,26.5,34.59604143308297,35.0
234.0,24.97679373983463,26.5,34.596274919419926,35.0
235.0,24.97679373983463,26.5,34.59634274434862,35.0
236.0,24.97679373983463,26.5,34.59634274434862,35.0
237.0,24.97679373983463,26.5,34.596418581168045,35.0
238.0,24.982907791159892,26.5,34.596418581168045,35.0
239.0,24.98480418940559,26.5,34.596418581168045,35.0
240.0,24.98480418940559,26.5,34.596418581168045,35.0
241.0,24.98480418940559,26.5,34.596418581168045,35.0
242.0,24.98480418940559,26.5,34.607752085841824,35.0
243.0,24.98521860120946,26.5,34.60784536492706,35.0
244.0,24.989284163494965,26.5,34.60784536492706,35.0
245.0,24.98947554760129,26.5,34.6079815554821,35.0
246.0,24.98947554760129,26.5,34.60833271307219,35.0
247.0,24.98976189707293,26.5,34.60833489297617,35.0
248.0,24.98976189707293,26.5,34.60833489297617,35.0
249.0,24.98976189707293,26.5,34.61298760397586,35.0
250.0,24.99015708260214,26.5,34.61298760397586,35.0
251.0,24.99015708260214,26.5,34.61325203185126,35.0
252.0,24.990428241482462,26.5,34.61460879618969,35.0
253.0,24.990428241482462,26.5,34.61463650465012,35.0
254.0,24.991377267410922,26.5,34.61463650465012,35.0
255.0,24.99140327916839,26.5,34.61478535446938,35.0
256.0,24.991852625450296,26.5,34.61478535446938,35.0
257.0,24.991852625450296,26.5,34.61498403704713,35.0
258.0,24.991852625450296,26.5,34.61510411790524,35.0
259.0,24.991852625450296,26.5,34.61519295313071,35.0
260.0,24.995814055690037,26.5,34.615371059764534,35.0
261.0,24.995814055690037,26.5,34.61558395904891,35.0
262.0,24.99745827426881,26.5,34.61558395904891,35.0
263.0,24.99745827426881,26.5,34.61558395904891,35.0
264.0,24.999306662038187,26.5,34.615763582705036,35.0
265.0,25.00001662440242,26.5,34.61576731804493,35.0
266.0,25.00001662440242,26.5,34.61576909602131,35.0
267.0,25.00001662440242,26.5,34.615919802613305,35.0
268.0,25.00036730431816,26.5,34.615919802613305,35.0
269.0,25.00036730431816,26.5,34.61592092307192,35.0
270.0,25.00081242827166,26.5,34.61592092307192,35.0
271.0,25.00081242827166,26.5,34.615921322018195,35.0
272.0,25.00081242827166,26.5,34.61693834272231,35.0
273.0,25.00081242827166,26.5,34.61693834272231,35.0
274.0,25.00081242827166,26.5,34.61710328676234,35.0
275.0,25.00081242827166,26.5,34.61711114142311,35.0
276.0,25.00081242827166,26.5,34.61711114142311,35.0
277.0,25.00081242827166,26.5,34.61711460306121,35.0
278.0,25.00081242827166,26.5,34.61711990184422,35.0
279.0,25.001427649733312,26.5,34.619586371412055,35.0
280.0,25.001427649733312,26.5,34.619586371412055,35.0
281.0,25.009023711052563,26.5,34.619586371412055,35.0
282.0,25.00986621528856,26.5,34.619586371412055,35.0
283.0,25.017940556435576,26.5,34.619586371412055,35.0
284.0,25.017940556435576,26.5,34.61972403969849,35.0
285.0,25.017940556435576,26.5,34.61985465305704,35.0
286.0,25.017940556435576,26.5,34.61985465305704,35.0
287.0,25.017940556435576,26.5,34.61985465305704,35.0
288.0,25.017940556435576,26.5,34.62007603460812,35.0
289.0,25.017940556435576,26.5,34.62007603460812,35.0
290.0,25.023145052033477,26.5,34.62007603460812,35.0
291.0,25.023145052033477,26.5,34.62007603460812,35.0
292.0,25.023145052033513,26.5,34.62019909825614,35.0
293.0,25.023606203780062,26.5,34.62019909825614,35.0
294.0,25.023606203780062,26.5,34.62019973406957,35.0
295.0,25.023606203780062,26.5,34.62021158461036,35.0
296.0,25.02719227417125,26.5,34.620496668806005,35.0
297.0,25.02719227417125,26.5,34.62063832187709,35.0
298.0,25.02837879569987,26.5,34.62063832187709,35.0
299.0,25.02837879569987,26.5,34.62063832187709,35.0
300.0,25.0290456636115,26.5,34.62063884911637,35.0
301.0,25.02919933307443,26.5,34.62063884911637,35.0
302.0,25.02919933307443,26.5,34.62093376522929,35.0
303.0,25.03016110848275,26.5,34.62111277985801,35.0
304.0,25.03038333442076,26.5,34.62111277985801,35.0
305.0,25.03038333442076,26.5,34.62111277985801,35.0
306.0,25.03052182596387,26.5,34.62111277985801,35.0
307.0,25.030548442817977,26.5,34.62111763679439,35.0
308.0,25.031861238531047,26.5,34.62111763679439,35.0
309.0,25.031861238531047,26.5,34.62111763679439,35.0
310.0,25.03202400231156,26.5,34.62111763679439,35.0
311.0,25.035627374068344,26.5,34.62111763679439,35.0
312.0,25.035627374068344,26.5,34.62112203465411,35.0
313.0,25.035679228433448,26.5,34.62112203465411,35.0
314.0,25.035679228433448,26.5,34.621140257406296,35.0
315.0,25.035732155639796,26.5,34.62118196782442,35.0
316.0,25.03642741145007,26.5,34.62121003980199,35.0
317.0,25.03664052916905,26.5,34.621218294396435,35.0
318.0,25.03664052916905,26.5,34.621218294396435,35.0
319.0,25.03664052916905,26.5,34.621218294396435,35.0
320.0,25.03664052916905,26.5,34.62128328288455,35.0
321.0,25.036662956231584,26.5,34.62143527879148,35.0
322.0,25.03679596841718,26.5,34.62143527879148,35.0
323.0,25.03823587275327,26.5,34.62144307206188,35.0
324.0,25.03823587275327,26.5,34.62152801513998,35.0
325.0,25.03823587275327,26.5,34.62200683298041,35.0
326.0,25.03823587275327,26.5,34.62206151054793,35.0
327.0,25.03836876847805,26.5,34.6221372847627,35.0
328.0,25.04027370564995,26.5,34.635604940673936,35.0
329.0,25.0403546058757,26.5,34.635647508753806,35.0
330.0,25.0407426019035,26.5,34.635647508753806,35.0
331.0,25.045134203248374,26.5,34.635647508753806,35.0
332.0,25.045795868996613,26.5,34.635803282706966,35.0
333.0,25.045795868996613,26.5,34.635803282706966,35.0
334.0,25.045795868996613,26.5,34.635838239903755,35.0
335.0,25.045795868996613,26.5,34.63589839463448,35.0
336.0,25.045795868996613,26.5,34.63589839463448,35.0
337.0,25.045795868996613,26.5,34.63591575775703,35.0
338.0,25.045795868996613,26.5,34.63591575775703,35.0
339.0,25.045795868996613,26.5,34.63623519094743,35.0
340.0,25.045795868996613,26.5,34.63623519094743,35.0
341.0,25.045795868996613,26.5,34.63623519094743,35.0
342.0,25.046052004768836,26.5,34.63623519094743,35.0
343.0,25.07384815120534,26.5,34.63623519094743,35.0
344.0,25.073927438922578,26.5,34.63623527358618,35.0
345.0,25.073927438922578,26.5,34.63637786968759,35.0
346.0,25.073969919205126,26.5,34.6365388197769,35.0
347.0,25.074299867932886,26.5,34.6365388197769,35.0
348.0,25.07451691147629,26.5,34.6365388197769,35.0
349.0,25.07451691147629,26.5,34.6365388197769,35.0
350.0,25.07451691147629,26.5,34.6365388197769,35.0
351.0,25.07451691147629,26.5,34.63657200011312,35.0
352.0,25.07677373101223,26.5,34.636727443366865,35.0
353.0,25.07677373101223,26.5,34.63673058914818,35.0
354.0,25.07677373101223,26.5,34.63695534554629,35.0
355.0,25.077984682296083,26.5,34.63708132473296,35.0
356.0,25.08193683828686,26.5,34.63727781534998,35.0
357.0,25.08193683828686,26.5,34.63727781534998,35.0
358.0,25.08193683828686,26.5,34.63727781534998,35.0
359.0,25.08193683828686,26.5,34.63727781534998,35.0
360.0,25.084445258903816,26.5,34.63727781534998,35.0
361.0,25.084445258903816,26.5,34.64137785945763,35.0
362.0,25.084445258903816,26.5,34.64851970011545,35.0
363.0,25.084445258903816,26.5,34.64851970011545,35.0
364.0,25.084445258903816,26.5,34.64854542796302,35.0
365.0,25.084803241958866,26.5,34.64854542796302,35.0
366.0,25.08751478026319,26.5,34.64854542796302,35.0
367.0,25.08751478026319,26.5,34.64893375086822,35.0
368.0,25.08751478026319,26.5,34.64893375086822,35.0
369.0,25.087729242856383,26.5,34.64893375086822,35.0
370.0,25.08777831582233,26.5,34.6489391280273,35.0
371.0,25.08777831582233,26.5,34.648952680505396,35.0
372.0,25.08777831582233,26.5,34.648952680505396,35.0
373.0,25.08777831582233,26.5,34.648975887877135,35.0
374.0,25.08777831582233,26.5,34.64903047333807,35.0
375.0,25.08777831582233,26.5,34.649138311120794,35.0
376.0,25.088446985081926,26.5,34.649138311120794,35.0
377.0,25.088696983124922,26.5,34.649138311120794,35.0
378.0,25.088696983124922,26.5,34.649138311120794,35.0
379.0,25.088696983124922,26.5,34.649138311120794,35.0
380.0,25.096045734937608,26.5,34.649138311120794,35.0
381.0,25.096045734937608,26.5,34.649138311120794,35.0
382.0,25.096951488092518,26.5,34.649138311120794,35.0
383.0,25.09925159435011,26.5,34.64926392703419,35.0
384.0,25.119072204760233,26.5,34.64926392703419,35.0
385.0,25.119690339761682,26.5,34.64926392703419,35.0
386.0,25.119690339761682,26.5,34.651022866162826,35.0
387.0,25.119690339761682,26.5,34.65102311328521,35.0
388.0,25.12018100259541,26.5,34.65102311328521,35.0
389.0,25.12018100259541,26.5,34.651907456525215,35.0
390.0,25.12018100259541,26.5,34.651907456525215,35.0
391.0,25.12018100259541,26.5,34.651907456525215,35.0
392.0,25.12018100259541,26.5,34.651907456525215,35.0
393.0,25.12018100259541,26.5,34.65199684807115,35.0
394.0,25.12018100259541,26.5,34.65199684807115,35.0
395.0,25.12018100259541,26.5,34.65199684807115,35.0
396.0,25.120278098697227,26.5,34.65199684807115,35.0
397.0,25.121007765464867,26.5,34.65199684807115,35.0
398.0,25.121007765464867,26.5,34.65199684807115,35.0
399.0,25.121007765464867,26.5,34.65199684807115,35.0
400.0,25.121302913825428,26.5,34.65207690551593,35.0
401.0,25.121302913825428,26.5,34.65207690551593,35.0
402.0,25.123107603766087,26.5,34.65208606685092,35.0
403.0,25.123107603766087,26.5,34.652095140780965,35.0
404.0,25.12341182327569,26.5,34.652095140780965,35.0
405.0,25.12341182327569,26.5,34.652095140780965,35.0
406.0,25.12367115597241,26.5,34.65220194532104,35.0
407.0,25.12367115597241,26.5,34.6522331889701,35.0
408.0,25.12367115597241,26.5,34.6522331889701,35.0
409.0,25.12367115597241,26.5,34.6522331889701,35.0
410.0,25.12367115597241,26.5,34.6522331889701,35.0
411.0,25.12367115597241,26.5,34.65488573852044,35.0
412.0,25.130294526260514,26.5,34.65488573852044,35.0
413.0,25.130294526260514,26.5,34.65488573852044,35.0
414.0,25.130506882212188,26.5,34.657553232538675,35.0
415.0,25.130744441434494,26.5,34.65761282816646,35.0
416.0,25.130782157537578,26.5,34.65761282816646,35.0
417.0,25.130782157537578,26.5,34.65761282816646,35.0
418.0,25.131699159339647,26.5,34.65761282816646,35.0
419.0,25.131699159339647,26.5,34.65761282816646,35.0
420.0,25.131699159339647,26.5,34.65761296558597,35.0
421.0,25.165111871266205,26.5,34.65761296558597,35.0
422.0,25.165471851202845,26.5,34.65761296558597,35.0
423.0,25.165471851202845,26.5,34.65761296558597,35.0
424.0,25.172748844020724,26.5,34.65761296558597,35.0
425.0,25.174896598439112,26.5,34.657623240114454,35.0
426.0,25.174896598439112,26.5,34.657623240114454,35.0
427.0,25.175383158132295,26.5,34.657623240114454,35.0
428.0,25.175594138102127,26.5,34.657623240114454,35.0
429.0,25.175594138102127,26.5,34.65763146892909,35.0
430.0,25.177011765385036,26.5,34.65772724679147,35.0
431.0,25.177011765385036,26.5,34.65772724679147,35.0
432.0,25.177011765385036,26.5,34.65774553004279,35.0
433.0,25.202639371843162,26.5,34.65921565697419,35.0
434.0,25.203485076887006,26.5,34.6592492062835,35.0
435.0,25.203485076887006,26.5,34.662654173412214,35.0
436.0,25.204687030622893,26.5,34.662654173412214,35.0
437.0,25.207331629521644,26.5,34.662654173412214,35.0
438.0,25.207374319051674,26.5,34.662654173412214,35.0
439.0,25.207374319051674,26.5,34.662654173412214,35.0
440.0,25.207374319051674,26.5,34.662654173412214,35.0
441.0,25.207374319051674,26.5,34.66265933192685,35.0
442.0,25.207374319051674,26.5,34.66265933192685,35.0
443.0,25.214523005105598,26.5,34.66265933192685,35.0
444.0,25.21452847148877,26.5,34.66265933192685,35.0
445.0,25.21452847148877,26.5,34.66265933192685,35.0
446.0,25.215226313681097,26.5,34.66265933192685,35.0
447.0,25.215226313681097,26.5,34.66265933192685,35.0
448.0,25.21540036727345,26.5,34.66272093002484,35.0
449.0,25.21653814326561,26.5,34.66272093002484,35.0
450.0,25.216890986463998,26.5,34.66280232916528,35.0
451.0,25.216890986463998,26.5,34.66280232916528,35.0
452.0,25.22108585101432,26.5,34.66280232916528,35.0
453.0,25.22108585101432,26.5,34.66280232916528,35.0
454.0,25.22108585101432,26.5,34.66293078231573,35.0
455.0,25.22108585101432,26.5,34.66293078231573,35.0
456.0,25.222386593194607,26.5,34.66293078231573,35.0
457.0,25.222386593194607,26.5,34.66293078231573,35.0
458.0,25.2225086247221,26.5,34.662970136340235,35.0
459.0,25.2225086247221,26.5,34.662970136340235,35.0
460.0,25.22307446812445,26.5,34.662970136340235,35.0
461.0,25.223378698987556,26.5,34.66297513826907,35.0
462.0,25.223378698987556,26.5,34.66297513826907,35.0
463.0,25.223378698987556,26.5,34.6630016505534,35.0
464.0,25.223378698987556,26.5,34.6630016505534,35.0
465.0,25.223378698987556,26.5,34.6630016505534,35.0
466.0,25.223447683091877,26.5,34.6630016505534,35.0
467.0,25.223447683091877,26.5,34.6630016505534,35.0
468.0,25.78288587330517,27.5,34.663029991486304,35.0
469.0,25.78288587330517,27.5,34.66329584340568,35.0
470.0,25.78288587330517,27.5,34.66329584340568,35.0
471.0,25.789397033574463,27.5,34.663378534673924,35.0
472.0,25.789397033574463,27.5,34.663430372276146,35.0
473.0,25.789397033574463,27.5,34.663430372276146,35.0
474.0,25.794610197116473,27.5,34.663430372276146,35.0
475.0,25.79553608930104,27.5,34.663430372276146,35.0
476.0,25.79709536424222,27.5,34.66759095497948,35.0
477.0,25.799157146619876,27.5,34.66767890433821,35.0
478.0,25.799157146619876,27.5,34.66767890433821,35.0
479.0,25.80001193104054,27.5,34.66781490818349,35.0
480.0,25.801355671170747,27.5,34.667855849338395,35.0
481.0,25.801541544531233,27.5,34.667855849338395,35.0
482.0,25.801541544531233,27.5,34.667855849338395,35.0
483.0,25.80396331071203,27.5,34.66786852510375,35.0
484.0,25.804650700914078,27.5,34.66786852510375,35.0
485.0,25.804650700914078,27.5,34.66786852510375,35.0
486.0,25.816917902121425,27.5,34.66786852510375,35.0
487.0,25.816917902121425,27.5,34.66786852510375,35.0
488.0,25.816917902121425,27.5,34.66786852510375,35.0
489.0,25.84260709705799,27.5,34.66788389934275,35.0
490.0,25.844476253284036,27.5,34.66788389934275,35.0
491.0,25.844476253284036,27.5,34.66792623553412,35.0
492.0,25.847221658391106,27.5,34.668013870839914,35.0
493.0,25.847221658391106,27.5,34.66827386148046,35.0
494.0,25.8480163273665,27.5,34.66827386148046,35.0
495.0,25.8480163273665,27.5,34.66836564916241,35.0
496.0,25.8480163273665,27.5,34.66836564916241,35.0
497.0,25.853831682580687,27.5,34.66844876039902,35.0
498.0,25.853831682580687,27.5,34.66844876039902,35.0
499.0,25.866259332334987,27.5,34.66858423915516,35.0
500.0,25.866259332334987,27.5,34.668600638281674,35.0
501.0,25.86639089589629,27.5,34.668600638281674,35.0
502.0,25.866712128173067,27.5,34.668600638281674,35.0
503.0,25.878451065271136,27.5,34.66860148437071,35.0
504.0,25.878451065271136,27.5,34.66863873504687,35.0
505.0,25.878451065271136,27.5,34.66863873504687,35.0
506.0,25.87870653282687,27.5,34.66864751389622,35.0
507.0,25.878767308592884,27.5,34.66864751389622,35.0
508.0,25.878767308592884,27.5,34.66864751389622,35.0
509.0,25.8799032939517,27.5,34.66864751389622,35.0
510.0,25.8799032939517,27.5,34.67030295310611,35.0
511.0,25.89339563655052,27.5,34.67030295310611,35.0
512.0,25.89339563655052,27.5,34.670336836108405,35.0
513.0,25.908932813063675,27.5,34.670336836108405,35.0
514.0,25.90944214192747,27.5,34.67218348181317,35.0
515.0,25.90944214192747,27.5,34.67218348181317,35.0
516.0,25.90944214192747,27.5,34.67218348181317,35.0
517.0,25.910126712647706,27.5,34.67218348181317,35.0
518.0,25.910126712647706,27.5,34.67218348181317,35.0
519.0,25.910126712647706,27.5,34.67218348181317,35.0
520.0,25.910126712647706,27.5,34.672193435940926,35.0
521.0,25.918698350417166,27.5,34.672193435940926,35.0
522.0,25.918774125624196,27.5,34.672193435940926,35.0
523.0,25.919000130707186,27.5,34.672214970066534,35.0
524.0,25.919000130707186,27.5,34.67221497006658,35.0
525.0,25.9199474048084,27.5,34.67221497006658,35.0
526.0,25.9199474048084,27.5,34.672262975234275,35.0
527.0,25.92116547121461,27.5,34.672262975234275,35.0
528.0,25.92234108776997,27.5,34.672262975234275,35.0
529.0,25.924266267308,27.5,34.672291626185476,35.0
530.0,25.924266267308,27.5,34.67236428443757,35.0
531.0,25.926463991450937,27.5,34.67237805527431,35.0
532.0,25.92687773162666,27.5,34.67241273039163,35.0
533.0,25.92687773162666,27.5,34.67241273039163,35.0
534.0,25.92687773162666,27.5,34.67259655565178,35.0
535.0,25.92687773162666,27.5,34.67259655565178,35.0
536.0,25.92687773162666,27.5,34.67268683170545,35.0
537.0,25.92687773162666,27.5,34.67268683170545,35.0
538.0,25.928493074104715,27.5,34.67268683170545,35.0
539.0,25.92920610505429,27.5,34.67268683170545,35.0
540.0,25.93343767897898,27.5,34.67268683170545,35.0
541.0,25.933865654954165,27.5,34.674920670501905,35.0
542.0,25.933865654954165,27.5,34.67496456477633,35.0
543.0,25.934932764050995,27.5,34.67498078482485,35.0
544.0,25.934932764050995,27.5,34.675042171837376,35.0
545.0,25.934932764050995,27.5,34.675084849698266,35.0
546.0,25.934932764050995,27.5,34.675084849698266,35.0
547.0,25.94541931724058,27.5,34.675084849698266,35.0
548.0,25.94541931724058,27.5,34.675084849698266,35.0
549.0,25.947483475592207,27.5,34.67574540846541,35.0
550.0,25.947483475592207,27.5,34.67574540846541,35.0
551.0,25.948870030744537,27.5,34.67578749687188,35.0
552.0,25.94950745489983,27.5,34.67587767822321,35.0
553.0,25.952557347049392,27.5,34.67587767822321,35.0
554.0,25.952557347049392,27.5,34.67587767822321,35.0
555.0,25.952557347049392,27.5,34.67893467081896,35.0
556.0,25.952557347049392,27.5,34.67893467081896,35.0
557.0,25.952557347049392,27.5,34.67893467081896,35.0
558.0,25.953510310057847,27.5,34.67893933987503,35.0
559.0,25.953510310057847,27.5,34.67893933987503,35.0
560.0,25.953912850741204,27.5,34.67893933987503,35.0
561.0,25.953912850741204,27.5,34.67893933987503,35.0
562.0,25.95522288262883,27.5,34.67893933987503,35.0
563.0,25.95522288262883,27.5,34.67893933987503,35.0
564.0,25.95522288262883,27.5,34.67893933987503,35.0
565.0,25.95522288262883,27.5,34.67893933987503,35.0
566.0,25.95522288262883,27.5,34.67893933987503,35.0
567.0,25.95522288262883,27.5,34.67893933987503,35.0
568.0,25.95522288262883,27.5,34.67893933987503,35.0
569.0,25.95522288262883,27.5,34.678971333784425,35.0
570.0,25.959127615925212,27.5,34.678971333784425,35.0
571.0,25.95964845588257,27.5,34.678971333784425,35.0
572.0,25.95964845588257,27.5,34.678971333784425,35.0
573.0,25.95964845588257,27.5,34.678971333784425,35.0
574.0,25.95964845588257,27.5,34.67899001078804,35.0
575.0,25.95964845588257,27.5,34.679261485021804,35.0
576.0,25.962903476834533,27.5,34.679279346885856,35.0
577.0,25.966255688659988,27.5,34.679282553005955,35.0
578.0,25.966255688659988,27.5,34.679282553005955,35.0
579.0,25.96655425469221,27.5,34.679282553005955,35.0
580.0,25.96655425469221,27.5,34.679282553005955,35.0
581.0,25.9667980964434,27.5,34.67928330443956,35.0
582.0,25.96746223600941,27.5,34.67928330443956,35.0
583.0,25.96746223600941,27.5,34.67928330443956,35.0
584.0,25.968117309100958,27.5,34.67937366533794,35.0
585.0,25.968117309100958,27.5,34.679383254585446,35.0
586.0,25.968117309100958,27.5,34.67951031221681,35.0
587.0,25.968117309100958,27.5,34.67951031221681,35.0
588.0,25.968272807719636,27.5,34.67951031221681,35.0
589.0,25.968348480674674,27.5,38.975708271481565,40.0
590.0,25.968348480674674,27.5,39.00941003876047,40.0
591.0,25.968348480674674,27.5,39.00943106615191,40.0
592.0,25.96873473895539,27.5,39.00943106615191,40.0
593.0,25.96873473895539,27.5,39.01021835606346,40.0
594.0,25.96873473895539,27.5,39.01021835606346,40.0
595.0,25.96873473895539,27.5,39.01021835606346,40.0
596.0,25.96873473895539,27.5,39.01054368126638,40.0
597.0,25.968893959654572,27.5,39.152692211505276,40.5
598.0,25.970203073158483,27.5,39.152692211505276,40.5
599.0,25.973344606757774,27.5,39.152692211505276,40.5
600.0,25.973344606757774,27.5,39.152692211505276,40.5
601.0,25.973344606757774,27.5,39.15286334990655,40.5
602.0,25.97369223007907,27.5,39.15297433328065,40.5
603.0,25.97369223007907,27.5,39.15297433328065,40.5
604.0,25.97369223007907,27.5,39.15297433328065,40.5
605.0,25.974308247077794,27.5,39.15297433328065,40.5
606.0,25.974308247077794,27.5,39.15297433328065,40.5
607.0,25.974993013294053,27.5,39.15297433328065,40.5
608.0,25.974993013294053,27.5,39.15313899373839,40.5
609.0,25.974993013294053,27.5,39.15313899373839,40.5
610.0,25.974993013294053,27.5,39.15313899373839,40.5
611.0,25.974993013294053,27.5,39.15334878705722,40.5
612.0,25.974993013294053,27.5,39.15345114610661,40.5
613.0,25.975350219776335,27.5,39.15345114610661,40.5
614.0,25.975350219776335,27.5,39.15345114610661,40.5
615.0,25.975350219776335,27.5,39.15345114610661,40.5
616.0,25.976663081333154,27.5,39.15368274249629,40.5
617.0,25.976663081333154,27.5,39.15390996064335,40.5
618.0,25.97687775791206,27.5,39.15723559785714,40.5
619.0,25.97687775791206,27.5,39.15723559785714,40.5
620.0,25.97687775791206,27.5,39.157436627396095,40.5
621.0,25.977323841386884,27.5,39.15803512610642,40.5
622.0,25.977323841386884,27.5,39.15803512610642,40.5
623.0,25.977323841386884,27.5,39.15803512610642,40.5
624.0,25.977323841386884,27.5,39.15803512610642,40.5
625.0,25.977323841386884,27.5,39.159855614581026,40.5
626.0,25.977323841386884,27.5,39.16085140639488,40.5
627.0,25.977323841386884,27.5,39.16085140639488,40.5
628.0,25.97945186305367,27.5,39.16085140639488,40.5
629.0,25.981156718437703,27.5,39.16085140639488,40.5
630.0,25.981156718437703,27.5,39.1608550972301,40.5
631.0,25.9818464262447,27.5,39.1608550972301,40.5
632.0,25.9818464262447,27.5,39.160977981318716,40.5
633.0,25.9818464262447,27.5,39.160977981318716,40.5
634.0,25.983577029572796,27.5,39.16144798309384,40.5
635.0,25.983577029572796,27.5,39.16389139789495,40.5
636.0,25.983577029572796,27.5,39.16389139789495,40.5
637.0,25.983752743128463,27.5,39.17155539760535,40.5
638.0,25.983752743128463,27.5,39.17155539760535,40.5
639.0,25.989848123667034,27.5,39.17163137572167,40.5
640.0,25.989848123667034,27.5,39.17163137572167,40.5
641.0,25.990669989964548,27.5,39.17163137572167,40.5
642.0,25.990669989964548,27.5,39.17163137572167,40.5
643.0,25.990669989964548,27.5,39.171769944379975,40.5
644.0,25.99099044521509,27.5,39.17763986149781,40.5
645.0,25.99099044521509,27.5,39.17763986149781,40.5
646.0,25.991037864436013,27.5,39.17763986149781,40.5
647.0,25.991253911158918,27.5,39.17769279224919,40.5
648.0,25.99136271974519,27.5,39.17775561234699,40.5
649.0,25.991422776144656,27.5,39.1778655178821,40.5
650.0,25.994562267931318,27.5,39.1778655178821,40.5
651.0,25.995042565359743,27.5,39.187267929459054,40.5
652.0,25.995042565359743,27.5,39.187267929459054,40.5
653.0,25.996054585522675,27.5,39.187267929459054,40.5
654.0,25.996054585522675,27.5,39.189361811726656,40.5
655.0,25.996054585522675,27.5,39.189361811726656,40.5
656.0,26.021443522922766,27.5,39.190107880179795,40.5
657.0,26.021443522922766,27.5,39.191355567645175,40.5
658.0,26.021443522922766,27.5,39.191355567645175,40.5
659.0,26.021443522922766,27.5,39.192022584597794,40.5
660.0,26.021443522922766,27.5,39.192022584597794,40.5
661.0,26.021443522922766,27.5,39.19203648301908,40.5
662.0,26.02166776364442,27.5,39.19203648301908,40.5
663.0,26.02166776364442,27.5,39.19203648301908,40.5
664.0,26.02334939203712,27.5,39.19204254153028,40.5
665.0,26.02334939203712,27.5,39.19300454722729,40.5
666.0,26.02665906824168,27.5,39.19752568126738,40.5
667.0,26.02665906824168,27.5,39.20148500566489,40.5
668.0,26.02665906824168,27.5,39.20178920184115,40.5
669.0,26.02665906824168,27.5,39.20179185831629,40.5
670.0,26.02769084301732,27.5,39.20507868359006,40.5
671.0,26.028353364372247,27.5,39.20520038609221,40.5
672.0,26.029401804286206,27.5,39.20520038609221,40.5
673.0,26.029401804286206,27.5,39.205490031082455,40.5
674.0,26.029504844853857,27.5,39.205810143059466,40.5
675.0,26.029504844853857,27.5,39.205810143059466,40.5
676.0,26.03126560505195,27.5,39.205810143059466,40.5
677.0,26.03126560505195,27.5,39.205810143059466,40.5
678.0,26.03126560505195,27.5,39.205810143059466,40.5
679.0,26.03126560505195,27.5,39.205810143059466,40.5
680.0,26.03126560505195,27.5,39.20716359641025,40.5
681.0,26.03221124810838,27.5,39.20825436334052,40.5
682.0,26.03221124810838,27.5,39.20825436334052,40.5
683.0,26.03221124810838,27.5,39.20825436334052,40.5
684.0,26.03289157882529,27.5,39.20825436334052,40.5
685.0,26.03289157882529,27.5,39.208641896042806,40.5
686.0,26.03289157882529,27.5,39.20887044683606,40.5
687.0,26.03289157882529,27.5,39.20887044683606,40.5
688.0,26.03289157882529,27.5,39.20936135281914,40.5
689.0,26.038334687394343,27.5,39.210021231526405,40.5
690.0,26.038334687394343,27.5,39.210021231526405,40.5
691.0,26.03840066559416,27.5,39.210021231526405,40.5
692.0,26.03840066559416,27.5,39.210021231526405,40.5
693.0,26.03841498662499,27.5,39.21018008641891,40.5
694.0,26.03841498662499,27.5,39.24367720958639,40.5
695.0,26.03841498662499,27.5,39.246269080312565,40.5
696.0,26.068796056433825,27.5,39.24763421420231,40.5
697.0,26.068796056433825,27.5,39.24840690827531,40.5
698.0,26.068796056433825,27.5,39.24840690827531,40.5
699.0,26.068796056433825,27.5,39.24840690827531,40.5
700.0,26.068871235738293,27.5,39.24840690827531,40.5
701.0,26.068871235738293,27.5,39.248619482924326,40.5
702.0,26.07014996336221,27.5,39.24874029188423,40.5
703.0,26.07385475437303,27.5,39.24874029188423,40.5
704.0,26.075099117444402,27.5,39.24874029188423,40.5
705.0,26.075099117444402,27.5,39.24878470706328,40.5
706.0,26.075099117444402,27.5,39.24878470706328,40.5
707.0,26.075099117444402,27.5,39.24901512096342,40.5
708.0,26.075099117444402,27.5,39.24914089060857,40.5
709.0,26.076539994257928,27.5,39.25661003706424,40.5
710.0,26.076539994257928,27.5,39.25661003706424,40.5
711.0,26.076539994257928,27.5,39.25798358188333,40.5
712.0,26.082188596697883,27.5,39.25798358188333,40.5
713.0,26.082967440198523,27.5,39.25798358188333,40.5
714.0,26.082967440198523,27.5,39.258040848245926,40.5
715.0,26.082967440198523,27.5,39.25889230471306,40.5
716.0,26.082967440198523,27.5,39.261117585077336,40.5
717.0,26.083137718122003,27.5,39.261117585077336,40.5
718.0,26.083137718122003,27.5,39.26137112129232,40.5
719.0,26.084019598368418,27.5,39.26137112129232,40.5
720.0,26.084019598368418,27.5,39.26137112129232,40.5
721.0,26.08461648299966,27.5,39.26137112129232,40.5
722.0,26.08461648299966,27.5,39.26139128575588,40.5
723.0,26.08461648299966,27.5,39.26139128575588,40.5
724.0,26.08461648299966,27.5,39.26139128575588,40.5
725.0,26.08461648299966,27.5,39.26139128575588,40.5
726.0,26.08493392737202,27.5,39.26139128575588,40.5
727.0,26.08493392737202,27.5,39.26139128575588,40.5
728.0,26.08493392737202,27.5,39.26420538118883,40.5
729.0,26.08493392737202,27.5,39.26420538118883,40.5
730.0,26.08493392737202,27.5,39.26494942907325,40.5
731.0,26.08493392737202,27.5,39.26494942907325,40.5
732.0,26.08752120920206,27.5,39.26494942907325,40.5
733.0,26.08752120920206,27.5,39.26494942907325,40.5
734.0,26.088713043335428,27.5,39.26494942907325,40.5
735.0,26.088713043335428,27.5,39.26495349150304,40.5
736.0,26.088713043335428,27.5,39.26518298089645,40.5
737.0,26.091122943434396,27.5,39.26530832728892,40.5
738.0,26.091122943434396,27.5,39.265431835376305,40.5
739.0,26.091122943434396,27.5,39.265674873554815,40.5
740.0,26.091122943434396,27.5,39.27110370315133,40.5
741.0,26.091122943434396,27.5,39.27110370315133,40.5
742.0,26.10276699825449,27.5,39.27110370315133,40.5
743.0,26.103198282840964,27.5,39.272820590557295,40.5
744.0,26.104658892377557,27.5,39.27292871235941,40.5
745.0,26.104678854963655,27.5,39.27292871235941,40.5
746.0,26.104743992106194,27.5,39.28372791638325,40.5
747.0,26.104743992106194,27.5,39.28377055445401,40.5
748.0,26.104743992106194,27.5,39.28454076348761,40.5
749.0,26.104743992106194,27.5,39.28454076348761,40.5
750.0,26.104812838433464,27.5,39.28454076348761,40.5
751.0,26.104812838433464,27.5,39.28454076348761,40.5
752.0,26.104812838433464,27.5,39.285681798740356,40.5
753.0,26.104812838433464,27.5,39.285681798740356,40.5
754.0,26.104812838433464,27.5,39.285681798740356,40.5
755.0,26.104812838433464,27.5,39.28577953391033,40.5
756.0,26.104812838433464,27.5,39.28577953391033,40.5
757.0,26.104812838433464,27.5,39.28598942923764,40.5
758.0,26.104812838433464,27.5,39.28611775363375,40.5
759.0,26.104812838433464,27.5,39.6229770995743,40.5
760.0,26.104812838433464,27.5,39.62438103255183,40.5
761.0,26.104812838433464,27.5,39.62438103255183,40.5
762.0,26.104812838433464,27.5,39.63874031301223,40.5
763.0,26.104812838433464,27.5,39.63874553373118,40.5
764.0,26.106163122529246,27.5,39.63874553373118,40.5
765.0,26.106163122529246,27.5,39.63874553373118,40.5
766.0,26.106163122529246,27.5,39.63874553373118,40.5
767.0,26.106163122529246,27.5,39.64199011940399,40.5
768.0,26.106163122529246,27.5,39.64199011940399,40.5
769.0,26.106163122529246,27.5,39.644950831173375,40.5
770.0,26.106163122529246,27.5,39.644950831173375,40.5
771.0,26.106163122529246,27.5,39.645043949842126,40.5
772.0,26.106163122529246,27.5,39.645043949842126,40.5
773.0,26.106163122529246,27.5,39.645043949842126,40.5
774.0,26.106201723792445,27.5,39.645043949842126,40.5
775.0,26.106201723792445,27.5,39.64504925353536,40.5
776.0,26.106201723792445,27.5,39.64504925353536,40.5
777.0,26.107380347896292,27.5,39.64513824328167,40.5
778.0,26.107380347896292,27.5,39.64513824328167,40.5
779.0,26.107380347896292,27.5,39.64513824328167,40.5
780.0,26.107380347896292,27.5,39.664369126995055,40.5
781.0,26.107503078117105,27.5,39.66490789557613,40.5
782.0,26.107503078117105,27.5,39.66490789557613,40.5
783.0,26.10760923349771,27.5,39.66490789557613,40.5
784.0,26.10760923349771,27.5,39.66513805992562,40.5
785.0,26.10828531669771,27.5,39.66513805992562,40.5
786.0,26.10828531669771,27.5,39.66513805992562,40.5
787.0,26.10828531669771,27.5,39.66513805992562,40.5
788.0,26.10828531669771,27.5,39.668412954922886,40.5
789.0,26.10828531669771,27.5,39.66843039288148,40.5
790.0,26.10828531669771,27.5,39.66858094921506,40.5
791.0,26.10828531669771,27.5,39.66858094921506,40.5
792.0,26.108335454727086,27.5,39.66864625249092,40.5
793.0,26.108335454727086,27.5,39.66864625249092,40.5
794.0,26.108335454727086,27.5,39.66890151738918,40.5
795.0,26.108335454727086,27.5,39.669248828777675,40.5
796.0,26.108335454727086,27.5,39.669248828777675,40.5
797.0,26.10955234512146,27.5,39.66931632837529,40.5
798.0,26.10955234512146,27.5,39.66931632837529,40.5
799.0,26.10955234512146,27.5,39.66931632837529,40.5
800.0,26.10955234512146,27.5,39.67064022361642,40.5
801.0,26.10955234512146,27.5,39.67099677654301,40.5
802.0,26.10955234512146,27.5,39.671225788967305,40.5
803.0,26.10955234512146,27.5,39.671225788967305,40.5
804.0,26.10958749794132,27.5,39.67163983608837,40.5
805.0,26.10958749794132,27.5,39.67167856431283,40.5
806.0,26.111214212093312,27.5,39.67320859910876,40.5
807.0,26.111214212093312,27.5,39.67320859910876,40.5
808.0,26.111214212093312,27.5,39.67331773200065,40.5
809.0,26.111214212093312,27.5,39.673512334514925,40.5
810.0,26.113873395281086,27.5,39.673702817614405,40.5
811.0,26.113873395281086,27.5,39.67390478496706,40.5
812.0,26.113873395281086,27.5,39.67456734542117,40.5
813.0,26.113873395281086,27.5,39.67552804047432,40.5
814.0,26.115694819242727,27.5,39.67552804047432,40.5
815.0,26.115694819242727,27.5,39.675600147644815,40.5
816.0,26.115694819242727,27.5,39.67651513193323,40.5
817.0,26.115694819242727,27.5,39.67656365633904,40.5
818.0,26.115694819242727,27.5,39.67656365633904,40.5
819.0,26.115694819242727,27.5,39.67656365633904,40.5
820.0,26.117537567677193,27.5,39.67656365633904,40.5
821.0,26.117537567677193,27.5,39.67657191303349,40.5
822.0,26.117537567677193,27.5,39.67657191303349,40.5
823.0,26.117537567677193,27.5,39.67657191303349,40.5
824.0,26.11809712111493,27.5,39.677709638708045,40.5
825.0,26.11809712111493,27.5,39.677709638708045,40.5
826.0,26.11809712111493,27.5,39.677709638708045,40.5
827.0,26.11828471426606,27.5,39.677709638708045,40.5
828.0,26.11828471426606,27.5,39.6790990317509,40.5
829.0,26.118293016261234,27.5,39.67966507404953,40.5
830.0,26.118443172317434,27.5,39.67966507404953,40.5
831.0,26.118443172317434,27.5,39.67966507404953,40.5
832.0,26.118443172317434,27.5,39.67966507404953,40.5
833.0,26.118443172317434,27.5,39.67966507404953,40.5
834.0,26.11981080722954,27.5,39.67966507404953,40.5
835.0,26.121197307437363,27.5,39.68012726242761,40.5
836.0,26.16274708914651,27.5,39.68012726242761,40.5
837.0,26.16297592732145,27.5,39.68039453046529,40.5
838.0,26.16297592732145,27.5,39.68039453046529,40.5
839.0,26.16297592732145,27.5,39.68039453046529,40.5
840.0,26.16297592732145,27.5,39.68109431480864,40.5
841.0,26.164001690006415,27.5,39.68109431480864,40.5
842.0,26.164001690006415,27.5,39.68109431480864,40.5
843.0,26.164001690006415,27.5,39.68109431480864,40.5
844.0,26.164001690006415,27.5,39.68109431480864,40.5
845.0,26.164001690006415,27.5,39.68248452261046,40.5
846.0,26.16477011222043,27.5,39.68248452261046,40.5
847.0,26.16477011222043,27.5,39.68290356402245,40.5
848.0,26.16477011222043,27.5,39.68290973130286,40.5
849.0,26.164934029664707,27.5,39.68810870128406,40.5
850.0,26.164934029664707,27.5,39.68810870128406,40.5
851.0,26.164934029664707,27.5,39.68810870128406,40.5
852.0,26.164934029664707,27.5,39.689851083086594,40.5
853.0,26.164934029664707,27.5,39.68988089205237,40.5
854.0,26.164934029664707,27.5,39.68988089205237,40.5
855.0,26.165243981974278,27.5,39.68988089205237,40.5
856.0,26.166506057600866,27.5,39.690217465870894,40.5
857.0,26.16659349478342,27.5,39.690217465870894,40.5
858.0,26.16659349478342,27.5,39.690217465870894,40.5
859.0,26.16659349478342,27.5,39.690217465870894,40.5
860.0,26.168291461859578,27.5,39.69309630983281,40.5
861.0,26.16939881100287,27.5,39.69309630983281,40.5
862.0,26.16939881100287,27.5,39.69309630983281,40.5
863.0,26.16939881100287,27.5,39.69309630983281,40.5
864.0,26.16939881100287,27.5,39.69309630983281,40.5
865.0,26.16939881100287,27.5,39.69309630983281,40.5
866.0,26.16939881100287,27.5,39.69309630983281,40.5
867.0,26.170076186378925,27.5,39.69335068200945,40.5
868.0,26.170076186378925,27.5,39.693480796978776,40.5
869.0,26.170076186378925,27.5,39.69394405938348,40.5
870.0,26.170076186378925,27.5,39.69486438435333,40.5
871.0,26.170076186378925,27.5,39.69486438435333,40.5
872.0,26.170076186378925,27.5,39.69486438435333,40.5
873.0,26.170076186378925,27.5,39.69486438435333,40.5
874.0,26.17109516828301,27.5,39.69486438435333,40.5
875.0,26.178592786579966,27.5,39.69486438435333,40.5
876.0,26.178592786579966,27.5,39.69486438435333,40.5
877.0,26.178592786579966,27.5,39.69486438435333,40.5
878.0,26.178592786579966,27.5,39.69486654398032,40.5
879.0,26.178638260877264,27.5,39.69486654398032,40.5
880.0,26.17894831247793,27.5,39.69486654398032,40.5
881.0,26.17914998365586,27.5,39.69486654398032,40.5
882.0,26.17914998365586,27.5,39.69486654398032,40.5
883.0,26.179813486879752,27.5,39.695983146436554,40.5
884.0,26.179813486879752,27.5,39.69627167365342,40.5
885.0,26.18001793458483,27.5,39.69627167365342,40.5
886.0,26.180125989413742,27.5,39.69627167365342,40.5
887.0,26.180135979632315,27.5,39.69627167365342,40.5
888.0,26.180135979632315,27.5,39.69627167365342,40.5
889.0,26.180135979632315,27.5,39.69627167365342,40.5
890.0,26.18559625792949,27.5,39.69627167365342,40.5
891.0,26.18559625792949,27.5,39.69633400632722,40.5
892.0,26.18559625792949,27.5,39.69633400632722,40.5
893.0,26.18559625792949,27.5,39.69633400632722,40.5
894.0,26.18559625792949,27.5,39.69633400632722,40.5
895.0,26.18559625792949,27.5,39.69633400632722,40.5
896.0,26.18559625792949,27.5,39.69633400632722,40.5
897.0,26.185758746700895,27.5,39.69812049544634,40.5
898.0,26.185758746700895,27.5,39.69812049544634,40.5
899.0,26.185758746700895,27.5,39.69812049544634,40.5
900.0,26.185758746700895,27.5,39.69812049544634,40.5
901.0,26.185758746700895,27.5,39.69873170233127,40.5
902.0,26.185758746700895,27.5,39.69873170233127,40.5
903.0,26.185758746700895,27.5,39.69873170233127,40.5
904.0,26.185758746700895,27.5,39.69873170233127,40.5
905.0,26.186949774395664,27.5,39.69873170233127,40.5
906.0,26.216382951141913,27.5,39.69873170233127,40.5
907.0,26.216561192660922,27.5,39.69876102366805,40.5
908.0,26.221980645998723,27.5,39.69876171676717,40.5
909.0,26.221980645998723,27.5,39.699624217301235,40.5
910.0,26.221980645998723,27.5,39.81610224681549,40.5
911.0,26.221980645998723,27.5,39.81610224681549,40.5
912.0,26.221980645998723,27.5,39.81610224681549,40.5
913.0,26.221980645998723,27.5,40.69163233123032,41.5
914.0,26.221980645998723,27.5,40.69170269449293,41.5
915.0,26.221980645998723,27.5,40.69170269449293,41.5
916.0,26.221980645998723,27.5,40.6933237417636,41.5
917.0,26.221980645998723,27.5,40.69363043369882,41.5
918.0,26.221980645998723,27.5,40.6936394859944,41.5
919.0,26.221980645998723,27.5,40.69365717680767,41.5
920.0,26.222086398923548,27.5,40.6976443446542,41.5
921.0,26.222086398923548,27.5,40.69847175997779,41.5
922.0,26.222086398923548,27.5,40.69852812321691,41.5
923.0,26.222086398923548,27.5,40.69852812321691,41.5
924.0,26.222086398923548,27.5,40.69853230823328,41.5
925.0,26.22222911314215,27.5,40.698563950544376,41.5
926.0,26.22222911314215,27.5,40.698915866948425,41.5
927.0,26.222370193708027,27.5,40.70403202184284,41.5
928.0,26.222370193708027,27.5,40.704537808672065,41.5
929.0,26.222370193708027,27.5,40.704537808672065,41.5
930.0,26.22266864488342,27.5,40.704537808672065,41.5
931.0,26.22266864488342,27.5,40.704537808672065,41.5
932.0,26.222932668392723,27.5,40.70456599599701,41.5
933.0,26.222932668392723,27.5,40.70456599599701,41.5
934.0,26.222932668392723,27.5,40.70602161812314,41.5
935.0,26.222932668392723,27.5,40.70602161812314,41.5
936.0,26.222932668392723,27.5,40.7061536181614,41.5
937.0,26.222932668392723,27.5,40.7061536181614,41.5
938.0,26.223344120726907,27.5,40.7061536181614,41.5
939.0,26.223344120726907,27.5,40.7061536181614,41.5
940.0,26.223344120726907,27.5,40.7061536181614,41.5
941.0,26.223344120726907,27.5,40.70627373282852,41.5
942.0,26.223344120726907,27.5,40.70627373282852,41.5
943.0,26.224523448897845,27.5,41.14017161370785,42.0
944.0,26.227283653133895,27.5,41.14017161370785,42.0
945.0,26.227283653133895,27.5,41.14017161370785,42.0
946.0,26.227283653133895,27.5,41.140409032108906,42.0
947.0,26.227283653133895,27.5,41.14164854135878,42.0
948.0,26.227283653133895,27.5,41.14164854135878,42.0
949.0,26.227283653133895,27.5,41.15789727717214,42.0
950.0,26.227283653133895,27.5,41.15789727717214,42.0
951.0,26.227283653133895,27.5,41.15789727717214,42.0
952.0,26.227283653133895,27.5,41.159235161498316,42.0
953.0,26.227283653133895,27.5,41.159235161498316,42.0
954.0,26.227505723783608,27.5,41.160216111011984,42.0
955.0,26.228564674387894,27.5,41.1641345059678,42.0
956.0,26.228564674387894,27.5,41.1641345059678,42.0
957.0,26.22916995112278,27.5,41.1641345059678,42.0
958.0,26.22916995112278,27.5,41.1641345059678,42.0
959.0,26.22916995112278,27.5,41.16414568570086,42.0
960.0,26.268274766949958,28.0,41.164203599387534,42.0
961.0,26.26960862162556,28.0,41.1643210879337,42.0
962.0,26.272024782365072,28.0,41.1643210879337,42.0
963.0,26.272713147744692,28.0,41.1643210879337,42.0
964.0,26.272713147744692,28.0,41.16432649900244,42.0
965.0,26.272713147744692,28.0,41.16560019458908,42.0
966.0,26.272713147744692,28.0,41.16560019458908,42.0
967.0,26.2731467772794,28.0,41.16560363592364,42.0
968.0,26.343249168244782,28.0,41.16620150000363,42.0
969.0,26.343249168244782,28.0,41.16620150000363,42.0
970.0,26.344281311826073,28.0,41.16620150000363,42.0
971.0,26.368917724164266,28.0,41.16620150000363,42.0
972.0,26.368917724164266,28.0,41.166282694613976,42.0
973.0,26.368917724164266,28.0,41.166282694613976,42.0
974.0,26.368917724164266,28.0,41.166282694613976,42.0
975.0,26.368917724164266,28.0,41.16679181723667,42.0
976.0,26.368917724164266,28.0,41.16873940934457,42.0
977.0,26.368917724164266,28.0,41.16873940934457,42.0
978.0,26.368917724164266,28.0,41.168913030349096,42.0
979.0,26.368917724164266,28.0,41.16896639987728,42.0
980.0,26.368917724164266,28.0,41.16896703532266,42.0
981.0,26.368917724164266,28.0,41.16896703532266,42.0
982.0,26.368917724164266,28.0,41.16920656580209,42.0
983.0,26.368917724164266,28.0,41.16920656580209,42.0
984.0,26.368917724164266,28.0,41.16920656580209,42.0
985.0,26.368917724164266,28.0,41.16920656580209,42.0
986.0,26.368917724164266,28.0,41.16920656580209,42.0
987.0,26.368917724164266,28.0,41.169402634081514,42.0
988.0,26.368922406342264,28.0,41.169402634081514,42.0
989.0,26.368922406342264,28.0,41.169402634081514,42.0
990.0,26.368922406342264,28.0,41.16946305995654,42.0
991.0,26.37152435157586,28.0,41.16970437909794,42.0
992.0,26.37152435157586,28.0,41.1700516706232,42.0
993.0,26.37152435157586,28.0,41.17654037084777,42.0
994.0,26.37152435157586,28.0,41.17668014645196,42.0
995.0,26.37213092806315,28.0,41.17741275443499,42.0
996.0,26.37213092806315,28.0,41.17741275443499,42.0
997.0,26.372428991585732,28.0,41.17741275443499,42.0
998.0,26.372428991585732,28.0,41.17748793416093,42.0
999.0,26.372428991585732,28.0,41.17760949016255,42.0
1000.0,26.379446377078224,28.0,41.17831756723879,42.0
